sessao_id,inicio_s,duracao_s,tipo
S01,0,29,pensando_alto
S01,29,16,fora_do_tema
S01,45,79,tentativa_tarefa
S01,124,34,tentativa_tarefa
S01,158,47,tentativa_tarefa
S01,205,35,silencio
S01,240,21,pensando_alto
S01,261,11,silencio
S01,272,58,pensando_alto
S01,330,47,silencio
S01,377,27,silencio
S01,404,33,silencio
S01,437,21,fala_moderador
S01,458,24,fala_moderador
S01,482,32,pensando_alto
S01,514,13,fala_moderador
S01,527,81,fora_do_tema
S01,608,28,silencio
S01,636,31,fala_moderador
S01,667,118,pensando_alto
S01,785,157,pensando_alto
S01,942,33,fala_moderador
S01,975,18,pensando_alto
S01,993,13,tentativa_tarefa
S01,1006,13,silencio
S01,1019,67,tentativa_tarefa
S01,1086,78,fala_moderador
S01,1164,25,fala_moderador
S01,1189,17,fala_moderador
S01,1206,49,tentativa_tarefa
S01,1255,18,silencio
S01,1273,36,silencio
S01,1309,15,tentativa_tarefa
S01,1324,51,tentativa_tarefa
S01,1375,16,silencio
S01,1391,50,silencio
S01,1441,33,pensando_alto
S01,1474,32,pensando_alto
S01,1506,47,fala_moderador
S01,1553,20,tentativa_tarefa
S01,1573,38,fala_moderador
S01,1611,26,fora_do_tema
S01,1637,71,fala_moderador
S01,1708,45,tentativa_tarefa
S01,1753,36,fala_moderador
S01,1789,8,tentativa_tarefa
S01,1797,82,pensando_alto
S01,1879,27,pensando_alto
S01,1906,14,pensando_alto
S01,1920,19,fala_moderador
S01,1939,43,tentativa_tarefa
S01,1982,32,fora_do_tema
S01,2014,55,tentativa_tarefa
S01,2069,65,fora_do_tema
S01,2134,16,tentativa_tarefa
S01,2150,16,tentativa_tarefa
S01,2166,17,pensando_alto
S01,2183,27,tentativa_tarefa
S01,2210,24,pensando_alto
S01,2234,26,fala_moderador
S01,2260,14,tentativa_tarefa
S01,2274,17,fala_moderador
S01,2291,15,silencio
S01,2306,37,tentativa_tarefa
S01,2343,34,fala_moderador
S01,2377,52,silencio
S01,2429,38,fala_moderador
S01,2467,39,tentativa_tarefa
S01,2506,35,tentativa_tarefa
S01,2541,17,silencio
S01,2558,37,pensando_alto
S01,2595,8,pensando_alto
S01,2603,17,pensando_alto
S01,2620,27,fora_do_tema
S01,2647,28,pensando_alto
S01,2675,35,silencio
S01,2710,15,fala_moderador
S01,2725,49,fora_do_tema
S01,2774,23,silencio
S01,2797,87,tentativa_tarefa
S01,2884,99,fora_do_tema
S01,2983,33,tentativa_tarefa
S01,3016,31,fora_do_tema
S01,3047,81,fala_moderador
S01,3128,15,tentativa_tarefa
S01,3143,14,pensando_alto
S01,3157,22,pensando_alto
S01,3179,17,fala_moderador
S01,3196,107,tentativa_tarefa
S01,3303,47,fala_moderador
S01,3350,9,tentativa_tarefa
S01,3359,17,tentativa_tarefa
S01,3376,33,fala_moderador
S01,3409,40,tentativa_tarefa
S01,3449,26,silencio
S02,0,14,pensando_alto
S02,14,20,tentativa_tarefa
S02,34,56,silencio
S02,90,28,silencio
S02,118,36,fala_moderador
S02,154,83,fala_moderador
S02,237,35,fala_moderador
S02,272,34,fala_moderador
S02,306,44,tentativa_tarefa
S02,350,17,fala_moderador
S02,367,17,silencio
S02,384,17,silencio
S02,401,33,tentativa_tarefa
S02,434,83,fala_moderador
S02,517,40,silencio
S02,557,90,fora_do_tema
S02,647,37,fala_moderador
S02,684,37,pensando_alto
S02,721,77,fora_do_tema
S02,798,32,fora_do_tema
S02,830,47,tentativa_tarefa
S02,877,94,tentativa_tarefa
S02,971,11,silencio
S02,982,51,tentativa_tarefa
S02,1033,43,tentativa_tarefa
S02,1076,25,tentativa_tarefa
S02,1101,13,fala_moderador
S02,1114,15,fala_moderador
S02,1129,21,tentativa_tarefa
S02,1150,33,silencio
S02,1183,52,fora_do_tema
S02,1235,15,fala_moderador
S02,1250,32,tentativa_tarefa
S02,1282,26,silencio
S02,1308,14,tentativa_tarefa
S02,1322,16,pensando_alto
S02,1338,31,tentativa_tarefa
S02,1369,63,silencio
S02,1432,20,tentativa_tarefa
S02,1452,51,silencio
S02,1503,121,pensando_alto
S02,1624,52,fala_moderador
S02,1676,22,tentativa_tarefa
S02,1698,16,pensando_alto
S02,1714,69,fala_moderador
S02,1783,45,fala_moderador
S02,1828,40,silencio
S02,1868,28,tentativa_tarefa
S02,1896,9,fala_moderador
S02,1905,86,silencio
S02,1991,28,fora_do_tema
S02,2019,37,pensando_alto
S02,2056,24,fala_moderador
S02,2080,59,pensando_alto
S02,2139,45,fala_moderador
S02,2184,40,pensando_alto
S02,2224,41,tentativa_tarefa
S02,2265,40,pensando_alto
S02,2305,43,tentativa_tarefa
S02,2348,75,tentativa_tarefa
S02,2423,19,fora_do_tema
S02,2442,26,tentativa_tarefa
S02,2468,25,pensando_alto
S02,2493,29,tentativa_tarefa
S02,2522,29,tentativa_tarefa
S02,2551,48,pensando_alto
S02,2599,80,fala_moderador
S03,0,30,tentativa_tarefa
S03,30,33,fala_moderador
S03,63,21,tentativa_tarefa
S03,84,23,tentativa_tarefa
S03,107,12,tentativa_tarefa
S03,119,118,silencio
S03,237,38,tentativa_tarefa
S03,275,35,fala_moderador
S03,310,20,fora_do_tema
S03,330,149,fora_do_tema
S03,479,47,pensando_alto
S03,526,21,pensando_alto
S03,547,61,pensando_alto
S03,608,40,tentativa_tarefa
S03,648,18,tentativa_tarefa
S03,666,14,fala_moderador
S03,680,26,pensando_alto
S03,706,77,tentativa_tarefa
S03,783,45,fala_moderador
S03,828,30,fora_do_tema
S03,858,30,silencio
S03,888,28,tentativa_tarefa
S03,916,24,fora_do_tema
S03,940,119,tentativa_tarefa
S03,1059,22,fala_moderador
S03,1081,56,pensando_alto
S03,1137,82,pensando_alto
S03,1219,61,fora_do_tema
S03,1280,10,tentativa_tarefa
S03,1290,17,fala_moderador
S03,1307,28,fala_moderador
S03,1335,14,fala_moderador
S03,1349,24,tentativa_tarefa
S03,1373,38,pensando_alto
S03,1411,42,pensando_alto
S03,1453,33,fala_moderador
S03,1486,31,fora_do_tema
S03,1517,15,fora_do_tema
S03,1532,57,fora_do_tema
S03,1589,55,silencio
S03,1644,27,tentativa_tarefa
S03,1671,30,silencio
S03,1701,25,fala_moderador
S03,1726,22,fala_moderador
S03,1748,23,silencio
S03,1771,18,fala_moderador
S03,1789,61,tentativa_tarefa
S03,1850,31,tentativa_tarefa
S03,1881,55,pensando_alto
S03,1936,58,tentativa_tarefa
S03,1994,41,tentativa_tarefa
S03,2035,20,silencio
S03,2055,73,fala_moderador
S03,2128,12,tentativa_tarefa
S03,2140,28,fala_moderador
S03,2168,31,fala_moderador
S03,2199,32,tentativa_tarefa
S03,2231,29,fala_moderador
S03,2260,22,tentativa_tarefa
S03,2282,24,tentativa_tarefa
S03,2306,26,pensando_alto
S03,2332,22,tentativa_tarefa
S03,2354,82,tentativa_tarefa
S03,2436,15,pensando_alto
S03,2451,85,fala_moderador
S03,2536,49,silencio
S03,2585,26,fala_moderador
S03,2611,42,fala_moderador
S03,2653,34,fala_moderador
S03,2687,17,tentativa_tarefa
S03,2704,15,silencio
S03,2719,35,pensando_alto
S03,2754,18,tentativa_tarefa
S03,2772,26,fora_do_tema
S03,2798,20,pensando_alto
S03,2818,37,fala_moderador
S03,2855,43,silencio
S03,2898,20,fala_moderador
S03,2918,17,tentativa_tarefa
S03,2935,27,pensando_alto
S03,2962,44,tentativa_tarefa
S03,3006,77,pensando_alto
S03,3083,28,tentativa_tarefa
S03,3111,33,fora_do_tema
S03,3144,29,fala_moderador
S03,3173,23,pensando_alto
S03,3196,23,tentativa_tarefa
S03,3219,58,fala_moderador
S03,3277,34,silencio
S03,3311,54,tentativa_tarefa
S03,3365,24,fora_do_tema
S03,3389,29,fala_moderador
S04,0,61,silencio
S04,61,137,pensando_alto
S04,198,42,fala_moderador
S04,240,33,fala_moderador
S04,273,56,pensando_alto
S04,329,46,pensando_alto
S04,375,34,tentativa_tarefa
S04,409,35,fora_do_tema
S04,444,34,fala_moderador
S04,478,17,fala_moderador
S04,495,50,fala_moderador
S04,545,32,tentativa_tarefa
S04,577,39,silencio
S04,616,30,tentativa_tarefa
S04,646,35,tentativa_tarefa
S04,681,23,fora_do_tema
S04,704,22,silencio
S04,726,11,tentativa_tarefa
S04,737,118,fala_moderador
S04,855,22,silencio
S04,877,26,tentativa_tarefa
S04,903,55,fora_do_tema
S04,958,36,fora_do_tema
S04,994,50,tentativa_tarefa
S04,1044,44,tentativa_tarefa
S04,1088,17,tentativa_tarefa
S04,1105,37,fala_moderador
S04,1142,38,tentativa_tarefa
S04,1180,42,fala_moderador
S04,1222,26,silencio
S04,1248,25,fora_do_tema
S04,1273,23,pensando_alto
S04,1296,51,tentativa_tarefa
S04,1347,34,fala_moderador
S04,1381,23,fala_moderador
S04,1404,55,fala_moderador
S04,1459,24,silencio
S04,1483,18,fala_moderador
S04,1501,40,pensando_alto
S04,1541,8,tentativa_tarefa
S04,1549,31,tentativa_tarefa
S04,1580,29,fala_moderador
S04,1609,27,fala_moderador
S04,1636,42,tentativa_tarefa
S04,1678,33,tentativa_tarefa
S04,1711,32,silencio
S04,1743,17,tentativa_tarefa
S04,1760,54,tentativa_tarefa
S04,1814,60,tentativa_tarefa
S04,1874,93,fala_moderador
S04,1967,66,fala_moderador
S04,2033,42,tentativa_tarefa
S04,2075,20,fala_moderador
S04,2095,26,silencio
S04,2121,35,fala_moderador
S04,2156,46,fala_moderador
S04,2202,49,silencio
S04,2251,22,tentativa_tarefa
S04,2273,30,silencio
S04,2303,19,tentativa_tarefa
S04,2322,57,tentativa_tarefa
S04,2379,20,fora_do_tema
S04,2399,37,pensando_alto
S04,2436,33,silencio
S04,2469,70,tentativa_tarefa
S04,2539,42,silencio
S04,2581,14,pensando_alto
S04,2595,8,silencio
S04,2603,78,tentativa_tarefa
S04,2681,30,fala_moderador
S04,2711,23,pensando_alto
S04,2734,37,pensando_alto
S04,2771,33,pensando_alto
S04,2804,19,fala_moderador
S04,2823,42,silencio
S04,2865,36,fala_moderador
S04,2901,20,tentativa_tarefa
S04,2921,60,tentativa_tarefa
S04,2981,23,fora_do_tema
S04,3004,26,pensando_alto
S04,3030,30,pensando_alto
S04,3060,8,tentativa_tarefa
S04,3068,11,tentativa_tarefa
S04,3079,14,tentativa_tarefa
S04,3093,22,tentativa_tarefa
S04,3115,36,pensando_alto
S04,3151,29,tentativa_tarefa
S04,3180,42,pensando_alto
S04,3222,27,tentativa_tarefa
S04,3249,27,silencio
S04,3276,41,pensando_alto
S04,3317,21,pensando_alto
S04,3338,67,pensando_alto
S04,3405,19,pensando_alto
S04,3424,52,tentativa_tarefa
S04,3476,19,pensando_alto
S04,3495,20,tentativa_tarefa
S05,0,11,pensando_alto
S05,11,24,fala_moderador
S05,35,11,tentativa_tarefa
S05,46,57,tentativa_tarefa
S05,103,29,tentativa_tarefa
S05,132,35,tentativa_tarefa
S05,167,47,tentativa_tarefa
S05,214,33,silencio
S05,247,15,tentativa_tarefa
S05,262,116,pensando_alto
S05,378,32,fora_do_tema
S05,410,49,tentativa_tarefa
S05,459,45,fora_do_tema
S05,504,8,tentativa_tarefa
S05,512,40,tentativa_tarefa
S05,552,23,pensando_alto
S05,575,48,silencio
S05,623,24,tentativa_tarefa
S05,647,31,silencio
S05,678,66,fora_do_tema
S05,744,12,tentativa_tarefa
S05,756,8,silencio
S05,764,43,tentativa_tarefa
S05,807,13,pensando_alto
S05,820,8,fala_moderador
S05,828,16,tentativa_tarefa
S05,844,44,tentativa_tarefa
S05,888,24,fora_do_tema
S05,912,43,tentativa_tarefa
S05,955,29,tentativa_tarefa
S05,984,13,fala_moderador
S05,997,18,pensando_alto
S05,1015,56,tentativa_tarefa
S05,1071,28,fala_moderador
S05,1099,16,tentativa_tarefa
S05,1115,55,silencio
S05,1170,21,tentativa_tarefa
S05,1191,39,tentativa_tarefa
S05,1230,27,pensando_alto
S05,1257,33,tentativa_tarefa
S05,1290,33,pensando_alto
S05,1323,24,pensando_alto
S05,1347,27,tentativa_tarefa
S05,1374,44,silencio
S05,1418,15,tentativa_tarefa
S05,1433,27,fala_moderador
S05,1460,54,silencio
S05,1514,34,tentativa_tarefa
S05,1548,13,pensando_alto
S05,1561,88,silencio
S05,1649,52,tentativa_tarefa
S05,1701,28,fora_do_tema
S05,1729,38,silencio
S05,1767,57,fora_do_tema
S05,1824,39,fora_do_tema
S05,1863,24,silencio
S05,1887,20,fala_moderador
S05,1907,54,fala_moderador
S05,1961,61,pensando_alto
S05,2022,15,silencio
S05,2037,26,pensando_alto
S05,2063,14,pensando_alto
S05,2077,24,fora_do_tema
S05,2101,49,silencio
S05,2150,54,fala_moderador
S05,2204,27,silencio
S05,2231,28,tentativa_tarefa
S05,2259,38,tentativa_tarefa
S05,2297,29,silencio
S05,2326,8,tentativa_tarefa
S05,2334,10,tentativa_tarefa
S05,2344,63,tentativa_tarefa
S05,2407,40,fala_moderador
S05,2447,19,fora_do_tema
S05,2466,57,fora_do_tema
S05,2523,43,fala_moderador
S05,2566,42,fora_do_tema
S05,2608,19,pensando_alto
S05,2627,61,pensando_alto
S05,2688,28,pensando_alto
S05,2716,19,tentativa_tarefa
S05,2735,47,fora_do_tema
S05,2782,15,silencio
S05,2797,43,silencio
S05,2840,13,tentativa_tarefa
S05,2853,19,tentativa_tarefa
S05,2872,57,tentativa_tarefa
S05,2929,15,tentativa_tarefa
S05,2944,18,tentativa_tarefa
S05,2962,32,tentativa_tarefa
S05,2994,8,silencio
S05,3002,59,silencio
S05,3061,16,silencio
S05,3077,56,silencio
S05,3133,13,tentativa_tarefa
S05,3146,31,tentativa_tarefa
S05,3177,34,pensando_alto
S05,3211,24,fala_moderador
S05,3235,50,pensando_alto
S05,3285,27,fala_moderador
S05,3312,86,fala_moderador
S06,0,66,tentativa_tarefa
S06,66,20,fala_moderador
S06,86,22,tentativa_tarefa
S06,108,108,tentativa_tarefa
S06,216,15,tentativa_tarefa
S06,231,80,silencio
S06,311,13,silencio
S06,324,46,fala_moderador
S06,370,63,fala_moderador
S06,433,36,pensando_alto
S06,469,20,fala_moderador
S06,489,42,tentativa_tarefa
S06,531,57,fala_moderador
S06,588,61,pensando_alto
S06,649,42,pensando_alto
S06,691,28,tentativa_tarefa
S06,719,48,tentativa_tarefa
S06,767,19,tentativa_tarefa
S06,786,29,tentativa_tarefa
S06,815,24,fala_moderador
S06,839,59,tentativa_tarefa
S06,898,33,pensando_alto
S06,931,77,silencio
S06,1008,37,fora_do_tema
S06,1045,76,tentativa_tarefa
S06,1121,15,pensando_alto
S06,1136,47,tentativa_tarefa
S06,1183,54,pensando_alto
S06,1237,31,silencio
S06,1268,78,silencio
S06,1346,16,pensando_alto
S06,1362,69,fala_moderador
S06,1431,45,tentativa_tarefa
S06,1476,39,tentativa_tarefa
S06,1515,37,silencio
S06,1552,47,tentativa_tarefa
S06,1599,29,pensando_alto
S06,1628,21,pensando_alto
S06,1649,38,fala_moderador
S06,1687,36,pensando_alto
S06,1723,20,fala_moderador
S06,1743,27,tentativa_tarefa
S06,1770,39,pensando_alto
S06,1809,109,silencio
S06,1918,14,silencio
S06,1932,14,silencio
S06,1946,31,fala_moderador
S06,1977,22,pensando_alto
S06,1999,25,tentativa_tarefa
S06,2024,117,tentativa_tarefa
S06,2141,41,pensando_alto
S06,2182,48,fora_do_tema
S06,2230,14,pensando_alto
S06,2244,19,pensando_alto
S06,2263,24,tentativa_tarefa
S06,2287,25,fala_moderador
S06,2312,22,tentativa_tarefa
S06,2334,27,fala_moderador
S06,2361,22,fora_do_tema
S06,2383,13,fora_do_tema
S06,2396,43,silencio
S06,2439,15,fala_moderador
S06,2454,56,fala_moderador
S06,2510,58,silencio
S07,0,45,fala_moderador
S07,45,37,silencio
S07,82,12,tentativa_tarefa
S07,94,41,fala_moderador
S07,135,24,fala_moderador
S07,159,9,fora_do_tema
S07,168,43,silencio
S07,211,8,pensando_alto
S07,219,32,fora_do_tema
S07,251,27,silencio
S07,278,59,fora_do_tema
S07,337,41,tentativa_tarefa
S07,378,39,fala_moderador
S07,417,60,fala_moderador
S07,477,16,fala_moderador
S07,493,41,tentativa_tarefa
S07,534,22,pensando_alto
S07,556,29,tentativa_tarefa
S07,585,45,fala_moderador
S07,630,133,pensando_alto
S07,763,24,fala_moderador
S07,787,19,tentativa_tarefa
S07,806,29,pensando_alto
S07,835,15,pensando_alto
S07,850,54,pensando_alto
S07,904,22,fala_moderador
S07,926,22,tentativa_tarefa
S07,948,12,fora_do_tema
S07,960,52,fora_do_tema
S07,1012,39,tentativa_tarefa
S07,1051,28,pensando_alto
S07,1079,50,silencio
S07,1129,43,pensando_alto
S07,1172,61,fala_moderador
S07,1233,30,fora_do_tema
S07,1263,21,pensando_alto
S07,1284,34,pensando_alto
S07,1318,30,tentativa_tarefa
S07,1348,30,silencio
S07,1378,38,tentativa_tarefa
S07,1416,21,pensando_alto
S07,1437,14,tentativa_tarefa
S07,1451,58,fala_moderador
S07,1509,32,silencio
S07,1541,48,fala_moderador
S07,1589,16,tentativa_tarefa
S07,1605,19,pensando_alto
S07,1624,24,silencio
S07,1648,163,tentativa_tarefa
S07,1811,34,fora_do_tema
S07,1845,19,fora_do_tema
S07,1864,24,pensando_alto
S07,1888,32,tentativa_tarefa
S07,1920,30,tentativa_tarefa
S07,1950,78,pensando_alto
S07,2028,48,silencio
S07,2076,14,tentativa_tarefa
S07,2090,24,fala_moderador
S07,2114,59,fala_moderador
S07,2173,50,silencio
S07,2223,31,silencio
S07,2254,29,fora_do_tema
S07,2283,46,fala_moderador
S07,2329,50,tentativa_tarefa
S07,2379,52,tentativa_tarefa
S07,2431,32,silencio
S07,2463,52,silencio
S07,2515,21,tentativa_tarefa
S07,2536,30,fala_moderador
S07,2566,26,fala_moderador
S07,2592,20,tentativa_tarefa
S07,2612,43,fala_moderador
S07,2655,37,silencio
S07,2692,49,tentativa_tarefa
S07,2741,44,fala_moderador
S07,2785,52,tentativa_tarefa
S07,2837,11,tentativa_tarefa
S07,2848,37,fala_moderador
S07,2885,55,fala_moderador
S08,0,23,tentativa_tarefa
S08,23,38,silencio
S08,61,68,silencio
S08,129,85,pensando_alto
S08,214,22,fala_moderador
S08,236,31,fora_do_tema
S08,267,43,fora_do_tema
S08,310,16,pensando_alto
S08,326,26,fala_moderador
S08,352,16,tentativa_tarefa
S08,368,56,tentativa_tarefa
S08,424,32,fora_do_tema
S08,456,20,fala_moderador
S08,476,22,pensando_alto
S08,498,9,tentativa_tarefa
S08,507,26,fala_moderador
S08,533,92,fora_do_tema
S08,625,51,silencio
S08,676,56,fala_moderador
S08,732,47,fala_moderador
S08,779,23,fala_moderador
S08,802,215,pensando_alto
S08,1017,22,pensando_alto
S08,1039,63,fala_moderador
S08,1102,27,silencio
S08,1129,18,pensando_alto
S08,1147,24,pensando_alto
S08,1171,18,tentativa_tarefa
S08,1189,24,silencio
S08,1213,35,tentativa_tarefa
S08,1248,23,fala_moderador
S08,1271,54,silencio
S08,1325,77,tentativa_tarefa
S08,1402,59,pensando_alto
S08,1461,27,tentativa_tarefa
S08,1488,31,fala_moderador
S08,1519,8,fora_do_tema
S08,1527,41,fora_do_tema
S08,1568,28,tentativa_tarefa
S08,1596,19,tentativa_tarefa
S08,1615,12,fala_moderador
S08,1627,51,pensando_alto
S08,1678,51,fora_do_tema
S08,1729,35,pensando_alto
S08,1764,40,tentativa_tarefa
S08,1804,30,tentativa_tarefa
S08,1834,23,pensando_alto
S08,1857,48,tentativa_tarefa
S08,1905,52,fala_moderador
S08,1957,24,tentativa_tarefa
S08,1981,17,silencio
S08,1998,85,tentativa_tarefa
S08,2083,64,fora_do_tema
S08,2147,21,fala_moderador
S08,2168,67,tentativa_tarefa
S08,2235,43,pensando_alto
S08,2278,21,silencio
S08,2299,24,tentativa_tarefa
S08,2323,50,tentativa_tarefa
S08,2373,37,fora_do_tema
S08,2410,60,fala_moderador
S08,2470,70,tentativa_tarefa
S08,2540,65,silencio
S08,2605,29,fala_moderador
S08,2634,37,fala_moderador
S08,2671,47,tentativa_tarefa
S08,2718,27,fala_moderador
S08,2745,23,tentativa_tarefa
S08,2768,53,tentativa_tarefa
S08,2821,9,tentativa_tarefa
S08,2830,38,tentativa_tarefa
S08,2868,22,pensando_alto
S08,2890,56,tentativa_tarefa
S08,2946,39,fala_moderador
S08,2985,23,fala_moderador
S08,3008,54,tentativa_tarefa
S08,3062,46,fora_do_tema
S08,3108,23,pensando_alto
S08,3131,58,silencio
S08,3189,67,fala_moderador
S08,3256,11,pensando_alto
S08,3267,48,silencio
S08,3315,22,fora_do_tema
S09,0,37,fala_moderador
S09,37,57,tentativa_tarefa
S09,94,21,pensando_alto
S09,115,32,fala_moderador
S09,147,27,tentativa_tarefa
S09,174,35,fora_do_tema
S09,209,8,fala_moderador
S09,217,18,fora_do_tema
S09,235,24,tentativa_tarefa
S09,259,30,tentativa_tarefa
S09,289,16,tentativa_tarefa
S09,305,44,tentativa_tarefa
S09,349,28,silencio
S09,377,24,tentativa_tarefa
S09,401,49,tentativa_tarefa
S09,450,49,fala_moderador
S09,499,46,tentativa_tarefa
S09,545,28,silencio
S09,573,26,fala_moderador
S09,599,8,fala_moderador
S09,607,23,fora_do_tema
S09,630,88,pensando_alto
S09,718,58,silencio
S09,776,17,tentativa_tarefa
S09,793,19,pensando_alto
S09,812,20,fala_moderador
S09,832,35,tentativa_tarefa
S09,867,23,pensando_alto
S09,890,15,tentativa_tarefa
S09,905,52,silencio
S09,957,33,fala_moderador
S09,990,31,fora_do_tema
S09,1021,14,tentativa_tarefa
S09,1035,39,fala_moderador
S09,1074,30,tentativa_tarefa
S09,1104,26,pensando_alto
S09,1130,94,tentativa_tarefa
S09,1224,26,tentativa_tarefa
S09,1250,25,tentativa_tarefa
S09,1275,32,fala_moderador
S09,1307,15,fora_do_tema
S09,1322,48,silencio
S09,1370,20,silencio
S09,1390,50,pensando_alto
S09,1440,108,tentativa_tarefa
S09,1548,24,tentativa_tarefa
S09,1572,70,tentativa_tarefa
S09,1642,14,tentativa_tarefa
S09,1656,36,pensando_alto
S09,1692,48,fala_moderador
S09,1740,26,fora_do_tema
S09,1766,58,pensando_alto
S09,1824,18,tentativa_tarefa
S09,1842,16,fala_moderador
S09,1858,28,tentativa_tarefa
S09,1886,43,tentativa_tarefa
S09,1929,27,pensando_alto
S09,1956,81,fala_moderador
S09,2037,37,fala_moderador
S09,2074,46,pensando_alto
S09,2120,67,fala_moderador
S09,2187,60,tentativa_tarefa
S09,2247,26,fala_moderador
S09,2273,57,silencio
S09,2330,60,fala_moderador
S09,2390,28,fala_moderador
S09,2418,29,tentativa_tarefa
S09,2447,12,tentativa_tarefa
S09,2459,14,pensando_alto
S09,2473,21,fala_moderador
S09,2494,34,fora_do_tema
S09,2528,94,fala_moderador
S09,2622,48,tentativa_tarefa
S09,2670,86,fala_moderador
S09,2756,39,fala_moderador
S09,2795,12,fora_do_tema
S09,2807,30,silencio
S09,2837,20,fala_moderador
S09,2857,39,tentativa_tarefa
S09,2896,36,tentativa_tarefa
S09,2932,34,tentativa_tarefa
S09,2966,14,tentativa_tarefa
S09,2980,45,tentativa_tarefa
S09,3025,26,silencio
S09,3051,28,tentativa_tarefa
S09,3079,47,pensando_alto
S09,3126,38,silencio
S09,3164,39,tentativa_tarefa
S09,3203,32,fala_moderador
S09,3235,13,fora_do_tema
S09,3248,15,fala_moderador
S09,3263,34,tentativa_tarefa
S09,3297,68,fala_moderador
S09,3365,22,fora_do_tema
S09,3387,58,silencio
S09,3445,43,tentativa_tarefa
S09,3488,43,tentativa_tarefa
S09,3531,23,tentativa_tarefa
S09,3554,29,fora_do_tema
S09,3583,13,pensando_alto
S09,3596,17,fala_moderador
S09,3613,35,pensando_alto
S09,3648,43,tentativa_tarefa
S09,3691,45,tentativa_tarefa
S09,3736,10,fala_moderador
S09,3746,16,pensando_alto
S09,3762,49,silencio
S09,3811,29,silencio
S10,0,70,fala_moderador
S10,70,71,fala_moderador
S10,141,59,fora_do_tema
S10,200,21,tentativa_tarefa
S10,221,15,tentativa_tarefa
S10,236,30,fala_moderador
S10,266,17,tentativa_tarefa
S10,283,54,fala_moderador
S10,337,8,fala_moderador
S10,345,19,fala_moderador
S10,364,40,pensando_alto
S10,404,51,silencio
S10,455,30,pensando_alto
S10,485,28,fala_moderador
S10,513,35,pensando_alto
S10,548,16,tentativa_tarefa
S10,564,65,tentativa_tarefa
S10,629,40,fora_do_tema
S10,669,119,tentativa_tarefa
S10,788,21,silencio
S10,809,131,tentativa_tarefa
S10,940,51,fora_do_tema
S10,991,22,fora_do_tema
S10,1013,37,tentativa_tarefa
S10,1050,62,tentativa_tarefa
S10,1112,40,silencio
S10,1152,25,silencio
S10,1177,32,fala_moderador
S10,1209,14,tentativa_tarefa
S10,1223,42,fora_do_tema
S10,1265,18,tentativa_tarefa
S10,1283,33,tentativa_tarefa
S10,1316,94,fala_moderador
S10,1410,15,fora_do_tema
S10,1425,58,pensando_alto
S10,1483,38,silencio
S10,1521,57,fora_do_tema
S10,1578,16,silencio
S10,1594,96,fora_do_tema
S10,1690,18,fala_moderador
S10,1708,92,tentativa_tarefa
S10,1800,9,fala_moderador
S10,1809,39,fala_moderador
S10,1848,19,pensando_alto
S10,1867,33,fora_do_tema
S10,1900,49,tentativa_tarefa
S10,1949,50,tentativa_tarefa
S10,1999,40,tentativa_tarefa
S10,2039,43,pensando_alto
S10,2082,19,tentativa_tarefa
S10,2101,81,fala_moderador
S10,2182,50,tentativa_tarefa
S10,2232,42,tentativa_tarefa
S10,2274,55,fala_moderador
S10,2329,30,pensando_alto
S10,2359,31,fala_moderador
S10,2390,116,pensando_alto
S10,2506,26,pensando_alto
S10,2532,35,tentativa_tarefa
S10,2567,18,pensando_alto
S10,2585,47,tentativa_tarefa
S10,2632,40,fala_moderador
S10,2672,69,silencio
S10,2741,25,fala_moderador
S10,2766,34,fora_do_tema
S10,2800,70,fora_do_tema
S10,2870,25,fala_moderador
S10,2895,12,pensando_alto
S10,2907,13,fala_moderador
S10,2920,70,silencio
S10,2990,10,pensando_alto
S10,3000,32,fala_moderador
S10,3032,38,fala_moderador
S10,3070,16,pensando_alto
S10,3086,90,fora_do_tema
S10,3176,76,fora_do_tema
S10,3252,64,fala_moderador
S10,3316,43,tentativa_tarefa
S11,0,63,tentativa_tarefa
S11,63,16,silencio
S11,79,46,silencio
S11,125,50,pensando_alto
S11,175,28,fala_moderador
S11,203,64,tentativa_tarefa
S11,267,22,silencio
S11,289,35,pensando_alto
S11,324,65,pensando_alto
S11,389,88,tentativa_tarefa
S11,477,32,pensando_alto
S11,509,60,silencio
S11,569,43,tentativa_tarefa
S11,612,27,pensando_alto
S11,639,35,tentativa_tarefa
S11,674,26,fala_moderador
S11,700,25,tentativa_tarefa
S11,725,93,silencio
S11,818,19,tentativa_tarefa
S11,837,19,fala_moderador
S11,856,56,tentativa_tarefa
S11,912,29,tentativa_tarefa
S11,941,58,pensando_alto
S11,999,30,silencio
S11,1029,26,tentativa_tarefa
S11,1055,18,tentativa_tarefa
S11,1073,54,tentativa_tarefa
S11,1127,19,tentativa_tarefa
S11,1146,12,pensando_alto
S11,1158,33,fala_moderador
S11,1191,15,pensando_alto
S11,1206,94,pensando_alto
S11,1300,58,pensando_alto
S11,1358,50,fala_moderador
S11,1408,54,fora_do_tema
S11,1462,16,tentativa_tarefa
S11,1478,20,tentativa_tarefa
S11,1498,78,tentativa_tarefa
S11,1576,25,fora_do_tema
S11,1601,52,pensando_alto
S11,1653,18,tentativa_tarefa
S11,1671,95,pensando_alto
S11,1766,38,fala_moderador
S11,1804,50,fora_do_tema
S11,1854,144,tentativa_tarefa
S11,1998,15,fala_moderador
S11,2013,47,silencio
S11,2060,58,fala_moderador
S11,2118,31,silencio
S11,2149,25,fala_moderador
S11,2174,32,pensando_alto
S11,2206,25,silencio
S11,2231,52,fala_moderador
S11,2283,31,fora_do_tema
S11,2314,66,fala_moderador
S11,2380,51,tentativa_tarefa
S11,2431,78,tentativa_tarefa
S11,2509,13,pensando_alto
S11,2522,35,silencio
S11,2557,24,tentativa_tarefa
S11,2581,58,pensando_alto
S11,2639,48,silencio
S11,2687,12,tentativa_tarefa
S11,2699,84,fala_moderador
S11,2783,15,pensando_alto
S11,2798,21,fala_moderador
S11,2819,66,fala_moderador
S11,2885,21,fala_moderador
S11,2906,12,silencio
S11,2918,36,tentativa_tarefa
S11,2954,8,fala_moderador
S11,2962,15,tentativa_tarefa
S11,2977,9,fora_do_tema
S11,2986,37,tentativa_tarefa
S11,3023,29,pensando_alto
S11,3052,24,pensando_alto
S11,3076,42,silencio
S11,3118,32,pensando_alto
S11,3150,36,fala_moderador
S11,3186,16,silencio
S11,3202,88,pensando_alto
S11,3290,79,tentativa_tarefa
S11,3369,39,pensando_alto
S12,0,33,tentativa_tarefa
S12,33,17,pensando_alto
S12,50,79,tentativa_tarefa
S12,129,15,fala_moderador
S12,144,33,pensando_alto
S12,177,22,tentativa_tarefa
S12,199,8,fala_moderador
S12,207,65,silencio
S12,272,51,fala_moderador
S12,323,45,fora_do_tema
S12,368,35,pensando_alto
S12,403,40,pensando_alto
S12,443,27,fora_do_tema
S12,470,15,silencio
S12,485,33,tentativa_tarefa
S12,518,37,pensando_alto
S12,555,18,tentativa_tarefa
S12,573,14,pensando_alto
S12,587,54,tentativa_tarefa
S12,641,13,silencio
S12,654,20,fala_moderador
S12,674,15,fala_moderador
S12,689,55,tentativa_tarefa
S12,744,10,tentativa_tarefa
S12,754,30,fala_moderador
S12,784,19,tentativa_tarefa
S12,803,41,fora_do_tema
S12,844,61,tentativa_tarefa
S12,905,23,tentativa_tarefa
S12,928,19,fala_moderador
S12,947,26,tentativa_tarefa
S12,973,37,fala_moderador
S12,1010,39,tentativa_tarefa
S12,1049,35,silencio
S12,1084,41,tentativa_tarefa
S12,1125,28,tentativa_tarefa
S12,1153,48,fala_moderador
S12,1201,22,tentativa_tarefa
S12,1223,18,fala_moderador
S12,1241,29,fala_moderador
S12,1270,35,pensando_alto
S12,1305,83,tentativa_tarefa
S12,1388,8,tentativa_tarefa
S12,1396,35,fala_moderador
S12,1431,49,tentativa_tarefa
S12,1480,26,silencio
S12,1506,123,tentativa_tarefa
S12,1629,34,tentativa_tarefa
S12,1663,22,tentativa_tarefa
S12,1685,21,pensando_alto
S12,1706,14,fala_moderador
S12,1720,28,tentativa_tarefa
S12,1748,18,tentativa_tarefa
S12,1766,15,fala_moderador
S12,1781,25,tentativa_tarefa
S12,1806,8,silencio
S12,1814,32,fala_moderador
S12,1846,26,fala_moderador
S12,1872,17,fala_moderador
S12,1889,39,tentativa_tarefa
S12,1928,41,silencio
S12,1969,42,tentativa_tarefa
S12,2011,62,tentativa_tarefa
S12,2073,44,fala_moderador
S12,2117,27,tentativa_tarefa
S12,2144,71,tentativa_tarefa
S12,2215,44,tentativa_tarefa
S12,2259,31,pensando_alto
S12,2290,16,tentativa_tarefa
S12,2306,8,tentativa_tarefa
S12,2314,42,tentativa_tarefa
S12,2356,11,tentativa_tarefa
S12,2367,42,fora_do_tema
S12,2409,48,silencio
S12,2457,24,pensando_alto
S12,2481,67,tentativa_tarefa
S12,2548,21,tentativa_tarefa
S12,2569,8,fala_moderador
S12,2577,38,fala_moderador
S12,2615,17,tentativa_tarefa
S12,2632,19,fora_do_tema
S12,2651,30,tentativa_tarefa
S12,2681,36,silencio
S12,2717,22,tentativa_tarefa
S12,2739,28,fala_moderador
S12,2767,71,tentativa_tarefa
S12,2838,35,tentativa_tarefa
S12,2873,19,fala_moderador
S12,2892,24,silencio
S12,2916,11,tentativa_tarefa
S12,2927,20,tentativa_tarefa
S12,2947,50,tentativa_tarefa
S12,2997,36,tentativa_tarefa
S12,3033,23,tentativa_tarefa
S12,3056,14,fala_moderador
S12,3070,13,pensando_alto
S12,3083,15,tentativa_tarefa
S12,3098,47,pensando_alto
S12,3145,53,tentativa_tarefa
S12,3198,21,fora_do_tema
S12,3219,13,tentativa_tarefa
S12,3232,90,fora_do_tema
S12,3322,11,fala_moderador
S12,3333,95,fala_moderador
S12,3428,16,pensando_alto
S12,3444,57,tentativa_tarefa
S12,3501,25,silencio
S13,0,23,silencio
S13,23,44,fora_do_tema
S13,67,103,tentativa_tarefa
S13,170,34,silencio
S13,204,30,tentativa_tarefa
S13,234,10,pensando_alto
S13,244,43,pensando_alto
S13,287,15,fala_moderador
S13,302,31,tentativa_tarefa
S13,333,27,fora_do_tema
S13,360,40,tentativa_tarefa
S13,400,31,fala_moderador
S13,431,22,tentativa_tarefa
S13,453,27,silencio
S13,480,32,tentativa_tarefa
S13,512,27,fala_moderador
S13,539,20,silencio
S13,559,23,fora_do_tema
S13,582,37,fala_moderador
S13,619,52,fala_moderador
S13,671,16,silencio
S13,687,9,fora_do_tema
S13,696,27,pensando_alto
S13,723,26,fora_do_tema
S13,749,11,tentativa_tarefa
S13,760,48,tentativa_tarefa
S13,808,22,tentativa_tarefa
S13,830,34,silencio
S13,864,30,tentativa_tarefa
S13,894,85,tentativa_tarefa
S13,979,48,fala_moderador
S13,1027,13,silencio
S13,1040,16,fala_moderador
S13,1056,31,tentativa_tarefa
S13,1087,227,fora_do_tema
S13,1314,30,fala_moderador
S13,1344,53,pensando_alto
S13,1397,23,silencio
S13,1420,8,fora_do_tema
S13,1428,61,silencio
S13,1489,30,tentativa_tarefa
S13,1519,36,tentativa_tarefa
S13,1555,42,tentativa_tarefa
S13,1597,28,pensando_alto
S13,1625,25,fora_do_tema
S13,1650,49,fala_moderador
S13,1699,31,tentativa_tarefa
S13,1730,49,fala_moderador
S13,1779,40,tentativa_tarefa
S13,1819,16,tentativa_tarefa
S13,1835,25,tentativa_tarefa
S13,1860,34,fala_moderador
S13,1894,38,fora_do_tema
S13,1932,38,pensando_alto
S13,1970,26,silencio
S13,1996,15,fala_moderador
S13,2011,13,tentativa_tarefa
S13,2024,37,tentativa_tarefa
S13,2061,71,fora_do_tema
S13,2132,90,tentativa_tarefa
S13,2222,61,fala_moderador
S13,2283,22,silencio
S13,2305,19,tentativa_tarefa
S13,2324,37,silencio
S13,2361,22,tentativa_tarefa
S13,2383,19,pensando_alto
S13,2402,22,silencio
S13,2424,40,fora_do_tema
S13,2464,53,pensando_alto
S13,2517,57,fora_do_tema
S13,2574,36,tentativa_tarefa
S13,2610,46,fala_moderador
S13,2656,65,fala_moderador
S13,2721,52,pensando_alto
S13,2773,38,fala_moderador
S13,2811,43,tentativa_tarefa
S13,2854,18,pensando_alto
S13,2872,24,silencio
S13,2896,46,silencio
S13,2942,15,tentativa_tarefa
S13,2957,40,fala_moderador
S13,2997,60,fala_moderador
S13,3057,15,fala_moderador
S13,3072,41,fora_do_tema
S14,0,18,tentativa_tarefa
S14,18,27,tentativa_tarefa
S14,45,48,pensando_alto
S14,93,26,fala_moderador
S14,119,66,tentativa_tarefa
S14,185,86,silencio
S14,271,20,fala_moderador
S14,291,46,tentativa_tarefa
S14,337,26,tentativa_tarefa
S14,363,54,fala_moderador
S14,417,20,pensando_alto
S14,437,41,tentativa_tarefa
S14,478,83,fala_moderador
S14,561,82,pensando_alto
S14,643,16,tentativa_tarefa
S14,659,38,fala_moderador
S14,697,14,silencio
S14,711,13,tentativa_tarefa
S14,724,25,tentativa_tarefa
S14,749,42,pensando_alto
S14,791,26,tentativa_tarefa
S14,817,24,silencio
S14,841,34,silencio
S14,875,27,tentativa_tarefa
S14,902,19,pensando_alto
S14,921,176,tentativa_tarefa
S14,1097,47,silencio
S14,1144,14,fala_moderador
S14,1158,80,tentativa_tarefa
S14,1238,16,tentativa_tarefa
S14,1254,22,pensando_alto
S14,1276,13,tentativa_tarefa
S14,1289,29,silencio
S14,1318,52,tentativa_tarefa
S14,1370,41,tentativa_tarefa
S14,1411,35,fora_do_tema
S14,1446,41,tentativa_tarefa
S14,1487,43,fora_do_tema
S14,1530,14,silencio
S14,1544,46,fala_moderador
S14,1590,12,tentativa_tarefa
S14,1602,36,tentativa_tarefa
S14,1638,55,pensando_alto
S14,1693,26,silencio
S14,1719,48,tentativa_tarefa
S14,1767,26,silencio
S14,1793,29,pensando_alto
S14,1822,10,silencio
S14,1832,17,tentativa_tarefa
S14,1849,60,silencio
S14,1909,59,fora_do_tema
S14,1968,21,tentativa_tarefa
S14,1989,49,fala_moderador
S14,2038,30,fala_moderador
S14,2068,16,fora_do_tema
S14,2084,28,silencio
S14,2112,33,tentativa_tarefa
S14,2145,113,fala_moderador
S14,2258,40,fala_moderador
S14,2298,44,tentativa_tarefa
S14,2342,16,fala_moderador
S14,2358,23,tentativa_tarefa
S15,0,18,tentativa_tarefa
S15,18,21,pensando_alto
S15,39,52,silencio
S15,91,17,pensando_alto
S15,108,42,tentativa_tarefa
S15,150,20,fala_moderador
S15,170,85,pensando_alto
S15,255,24,tentativa_tarefa
S15,279,14,tentativa_tarefa
S15,293,56,tentativa_tarefa
S15,349,120,fala_moderador
S15,469,34,silencio
S15,503,26,tentativa_tarefa
S15,529,36,pensando_alto
S15,565,77,silencio
S15,642,37,pensando_alto
S15,679,62,fala_moderador
S15,741,21,fala_moderador
S15,762,76,pensando_alto
S15,838,24,tentativa_tarefa
S15,862,61,pensando_alto
S15,923,47,pensando_alto
S15,970,68,fala_moderador
S15,1038,27,tentativa_tarefa
S15,1065,54,fala_moderador
S15,1119,20,silencio
S15,1139,26,fora_do_tema
S15,1165,37,fala_moderador
S15,1202,22,tentativa_tarefa
S15,1224,23,fora_do_tema
S15,1247,19,tentativa_tarefa
S15,1266,16,tentativa_tarefa
S15,1282,46,tentativa_tarefa
S15,1328,56,tentativa_tarefa
S15,1384,8,fora_do_tema
S15,1392,42,tentativa_tarefa
S15,1434,57,silencio
S15,1491,39,silencio
S15,1530,19,silencio
S15,1549,22,silencio
S15,1571,61,tentativa_tarefa
S15,1632,28,fala_moderador
S15,1660,22,tentativa_tarefa
S15,1682,21,fala_moderador
S15,1703,19,pensando_alto
S15,1722,42,silencio
S15,1764,29,fora_do_tema
S15,1793,28,fala_moderador
S15,1821,48,tentativa_tarefa
S15,1869,8,tentativa_tarefa
S15,1877,22,fala_moderador
S15,1899,28,fora_do_tema
S15,1927,84,silencio
S15,2011,43,silencio
S15,2054,74,silencio
S15,2128,13,pensando_alto
S15,2141,21,pensando_alto
S15,2162,42,tentativa_tarefa
S15,2204,214,fala_moderador
S15,2418,8,fala_moderador
S15,2426,32,fora_do_tema
S15,2458,17,silencio
S15,2475,12,silencio
S15,2487,17,tentativa_tarefa
S15,2504,61,pensando_alto
S15,2565,11,fala_moderador
S15,2576,66,tentativa_tarefa
S15,2642,28,tentativa_tarefa
S15,2670,16,pensando_alto
S15,2686,20,pensando_alto
S15,2706,37,fala_moderador
S15,2743,37,tentativa_tarefa
S15,2780,10,tentativa_tarefa
S15,2790,32,silencio
S15,2822,75,tentativa_tarefa
S15,2897,29,silencio
S15,2926,44,silencio
S15,2970,18,pensando_alto
S15,2988,27,fala_moderador
S15,3015,28,fala_moderador
S15,3043,39,fala_moderador
S15,3082,48,fala_moderador
S15,3130,31,silencio
S15,3161,14,silencio
S15,3175,9,pensando_alto
S15,3184,148,tentativa_tarefa
S15,3332,31,silencio
S15,3363,110,pensando_alto
S15,3473,28,tentativa_tarefa
S15,3501,26,fala_moderador
S15,3527,27,fala_moderador
S15,3554,55,tentativa_tarefa
S15,3609,85,silencio
S15,3694,26,fora_do_tema
S16,0,92,silencio
S16,92,48,pensando_alto
S16,140,67,tentativa_tarefa
S16,207,23,tentativa_tarefa
S16,230,12,fora_do_tema
S16,242,45,tentativa_tarefa
S16,287,34,tentativa_tarefa
S16,321,28,pensando_alto
S16,349,33,pensando_alto
S16,382,8,tentativa_tarefa
S16,390,25,silencio
S16,415,13,tentativa_tarefa
S16,428,46,tentativa_tarefa
S16,474,66,tentativa_tarefa
S16,540,25,fala_moderador
S16,565,24,tentativa_tarefa
S16,589,85,pensando_alto
S16,674,23,silencio
S16,697,43,fala_moderador
S16,740,62,pensando_alto
S16,802,21,tentativa_tarefa
S16,823,19,fora_do_tema
S16,842,53,tentativa_tarefa
S16,895,17,tentativa_tarefa
S16,912,34,fala_moderador
S16,946,22,tentativa_tarefa
S16,968,74,silencio
S16,1042,78,silencio
S16,1120,67,fala_moderador
S16,1187,18,tentativa_tarefa
S16,1205,49,fala_moderador
S16,1254,17,tentativa_tarefa
S16,1271,10,tentativa_tarefa
S16,1281,47,fala_moderador
S16,1328,34,fora_do_tema
S16,1362,19,tentativa_tarefa
S16,1381,28,pensando_alto
S16,1409,40,fala_moderador
S16,1449,26,fala_moderador
S16,1475,10,tentativa_tarefa
S16,1485,14,fala_moderador
S16,1499,24,fala_moderador
S16,1523,79,fala_moderador
S16,1602,38,tentativa_tarefa
S16,1640,46,pensando_alto
S16,1686,10,silencio
S16,1696,50,silencio
S16,1746,35,pensando_alto
S16,1781,25,tentativa_tarefa
S16,1806,20,fala_moderador
S16,1826,24,tentativa_tarefa
S16,1850,111,fala_moderador
S16,1961,48,pensando_alto
S16,2009,30,fala_moderador
S16,2039,29,fala_moderador
S16,2068,45,pensando_alto
S16,2113,59,fora_do_tema
S16,2172,37,tentativa_tarefa
S16,2209,71,pensando_alto
S17,0,21,silencio
S17,21,82,pensando_alto
S17,103,32,tentativa_tarefa
S17,135,17,tentativa_tarefa
S17,152,47,fala_moderador
S17,199,14,fala_moderador
S17,213,60,tentativa_tarefa
S17,273,20,tentativa_tarefa
S17,293,82,pensando_alto
S17,375,23,tentativa_tarefa
S17,398,27,tentativa_tarefa
S17,425,36,pensando_alto
S17,461,18,fora_do_tema
S17,479,25,fora_do_tema
S17,504,24,fala_moderador
S17,528,31,tentativa_tarefa
S17,559,15,silencio
S17,574,57,fala_moderador
S17,631,51,silencio
S17,682,24,fala_moderador
S17,706,71,fala_moderador
S17,777,40,tentativa_tarefa
S17,817,9,silencio
S17,826,116,tentativa_tarefa
S17,942,15,fora_do_tema
S17,957,19,pensando_alto
S17,976,38,fala_moderador
S17,1014,9,fora_do_tema
S17,1023,33,fala_moderador
S17,1056,54,fala_moderador
S17,1110,18,pensando_alto
S17,1128,10,fala_moderador
S17,1138,38,fala_moderador
S17,1176,40,fora_do_tema
S17,1216,92,silencio
S17,1308,21,fala_moderador
S17,1329,34,tentativa_tarefa
S17,1363,32,pensando_alto
S17,1395,94,fala_moderador
S17,1489,60,pensando_alto
S17,1549,37,silencio
S17,1586,31,tentativa_tarefa
S17,1617,28,tentativa_tarefa
S17,1645,42,fora_do_tema
S17,1687,94,pensando_alto
S17,1781,27,tentativa_tarefa
S17,1808,21,silencio
S17,1829,16,tentativa_tarefa
S17,1845,38,fala_moderador
S17,1883,30,tentativa_tarefa
S17,1913,8,tentativa_tarefa
S17,1921,39,fala_moderador
S17,1960,37,tentativa_tarefa
S17,1997,19,silencio
S17,2016,26,fala_moderador
S17,2042,57,pensando_alto
S17,2099,40,tentativa_tarefa
S17,2139,80,tentativa_tarefa
S17,2219,26,tentativa_tarefa
S17,2245,31,fala_moderador
S17,2276,65,silencio
S17,2341,20,silencio
S17,2361,46,fora_do_tema
S17,2407,39,tentativa_tarefa
S17,2446,17,pensando_alto
S17,2463,57,tentativa_tarefa
S17,2520,19,fala_moderador
S17,2539,12,tentativa_tarefa
S17,2551,20,fala_moderador
S17,2571,29,fala_moderador
S17,2600,30,silencio
S17,2630,21,silencio
S17,2651,21,pensando_alto
S17,2672,22,silencio
S17,2694,19,pensando_alto
S17,2713,15,fora_do_tema
S17,2728,14,tentativa_tarefa
S17,2742,21,fala_moderador
S17,2763,13,fala_moderador
S17,2776,18,tentativa_tarefa
S17,2794,93,fala_moderador
S17,2887,46,fala_moderador
S17,2933,106,tentativa_tarefa
S17,3039,40,tentativa_tarefa
S17,3079,25,silencio
S17,3104,16,tentativa_tarefa
S17,3120,36,tentativa_tarefa
S17,3156,36,fala_moderador
S17,3192,30,fora_do_tema
S18,0,37,silencio
S18,37,39,fala_moderador
S18,76,18,fala_moderador
S18,94,42,silencio
S18,136,32,tentativa_tarefa
S18,168,11,fora_do_tema
S18,179,64,silencio
S18,243,36,tentativa_tarefa
S18,279,29,fala_moderador
S18,308,22,silencio
S18,330,13,silencio
S18,343,23,tentativa_tarefa
S18,366,46,silencio
S18,412,23,pensando_alto
S18,435,42,tentativa_tarefa
S18,477,39,tentativa_tarefa
S18,516,20,tentativa_tarefa
S18,536,24,tentativa_tarefa
S18,560,39,tentativa_tarefa
S18,599,74,tentativa_tarefa
S18,673,18,pensando_alto
S18,691,13,fora_do_tema
S18,704,28,pensando_alto
S18,732,36,fala_moderador
S18,768,30,silencio
S18,798,59,fora_do_tema
S18,857,38,tentativa_tarefa
S18,895,8,fala_moderador
S18,903,45,silencio
S18,948,29,pensando_alto
S18,977,27,pensando_alto
S18,1004,18,tentativa_tarefa
S18,1022,32,tentativa_tarefa
S18,1054,45,silencio
S18,1099,32,tentativa_tarefa
S18,1131,31,fala_moderador
S18,1162,10,fala_moderador
S18,1172,35,fala_moderador
S18,1207,49,tentativa_tarefa
S18,1256,32,fala_moderador
S18,1288,31,tentativa_tarefa
S18,1319,41,tentativa_tarefa
S18,1360,24,fala_moderador
S18,1384,114,silencio
S18,1498,60,tentativa_tarefa
S18,1558,28,fora_do_tema
S18,1586,25,fala_moderador
S18,1611,39,tentativa_tarefa
S18,1650,26,pensando_alto
S18,1676,10,tentativa_tarefa
S18,1686,12,tentativa_tarefa
S18,1698,14,fala_moderador
S18,1712,29,tentativa_tarefa
S18,1741,15,pensando_alto
S18,1756,30,pensando_alto
S18,1786,49,fala_moderador
S18,1835,41,silencio
S18,1876,28,fora_do_tema
S18,1904,36,silencio
S18,1940,20,pensando_alto
S18,1960,72,fala_moderador
S18,2032,84,fala_moderador
S18,2116,65,fora_do_tema
S18,2181,55,tentativa_tarefa
S18,2236,29,fala_moderador
S18,2265,61,tentativa_tarefa
S18,2326,14,fala_moderador
S18,2340,15,fala_moderador
S18,2355,26,silencio
S18,2381,17,fala_moderador
S18,2398,87,silencio
S18,2485,80,fora_do_tema
S18,2565,33,silencio
S18,2598,50,fala_moderador
S18,2648,40,tentativa_tarefa
S18,2688,15,pensando_alto
S18,2703,42,tentativa_tarefa
S19,0,38,silencio
S19,38,42,tentativa_tarefa
S19,80,33,tentativa_tarefa
S19,113,23,tentativa_tarefa
S19,136,32,tentativa_tarefa
S19,168,17,tentativa_tarefa
S19,185,80,fala_moderador
S19,265,47,fora_do_tema
S19,312,16,fora_do_tema
S19,328,22,pensando_alto
S19,350,24,silencio
S19,374,17,pensando_alto
S19,391,96,fala_moderador
S19,487,27,tentativa_tarefa
S19,514,72,silencio
S19,586,31,fala_moderador
S19,617,17,silencio
S19,634,139,fala_moderador
S19,773,20,tentativa_tarefa
S19,793,27,pensando_alto
S19,820,44,fala_moderador
S19,864,39,tentativa_tarefa
S19,903,45,silencio
S19,948,79,fala_moderador
S19,1027,22,fala_moderador
S19,1049,51,pensando_alto
S19,1100,75,fala_moderador
S19,1175,41,tentativa_tarefa
S19,1216,40,fala_moderador
S19,1256,42,fala_moderador
S19,1298,58,fala_moderador
S19,1356,34,fala_moderador
S19,1390,8,fala_moderador
S19,1398,18,tentativa_tarefa
S19,1416,44,fala_moderador
S19,1460,45,fala_moderador
S19,1505,11,fala_moderador
S19,1516,37,fora_do_tema
S19,1553,19,pensando_alto
S19,1572,32,silencio
S19,1604,68,fora_do_tema
S19,1672,27,silencio
S19,1699,52,fala_moderador
S19,1751,38,fala_moderador
S19,1789,56,silencio
S19,1845,17,fala_moderador
S19,1862,16,pensando_alto
S19,1878,76,tentativa_tarefa
S19,1954,25,fora_do_tema
S19,1979,49,pensando_alto
S19,2028,41,tentativa_tarefa
S19,2069,20,fala_moderador
S19,2089,20,tentativa_tarefa
S19,2109,38,silencio
S19,2147,27,fala_moderador
S19,2174,14,tentativa_tarefa
S19,2188,16,tentativa_tarefa
S19,2204,39,tentativa_tarefa
S19,2243,157,pensando_alto
S19,2400,38,tentativa_tarefa
S19,2438,17,fora_do_tema
S19,2455,50,pensando_alto
S19,2505,30,fora_do_tema
S19,2535,15,pensando_alto
S19,2550,21,silencio
S19,2571,33,pensando_alto
S19,2604,12,tentativa_tarefa
S19,2616,58,tentativa_tarefa
S19,2674,13,tentativa_tarefa
S19,2687,27,fala_moderador
S19,2714,50,pensando_alto
S19,2764,61,tentativa_tarefa
S19,2825,14,tentativa_tarefa
S19,2839,40,pensando_alto
S19,2879,37,fala_moderador
S19,2916,10,tentativa_tarefa
S19,2926,19,tentativa_tarefa
S19,2945,14,fala_moderador
S19,2959,32,fora_do_tema
S19,2991,22,fala_moderador
S19,3013,22,fala_moderador
S19,3035,11,fala_moderador
S19,3046,42,pensando_alto
S19,3088,26,pensando_alto
S19,3114,63,fora_do_tema
S19,3177,24,tentativa_tarefa
S19,3201,16,fala_moderador
S19,3217,25,pensando_alto
S19,3242,26,silencio
S19,3268,26,pensando_alto
S19,3294,17,tentativa_tarefa
S19,3311,35,tentativa_tarefa
S19,3346,34,fala_moderador
S19,3380,12,fala_moderador
S19,3392,28,fala_moderador
S19,3420,25,fala_moderador
S19,3445,50,pensando_alto
S19,3495,19,tentativa_tarefa
S19,3514,32,pensando_alto
S19,3546,11,tentativa_tarefa
S19,3557,70,tentativa_tarefa
S19,3627,20,fala_moderador
S19,3647,36,silencio
S19,3683,40,pensando_alto
S19,3723,12,tentativa_tarefa
S19,3735,27,tentativa_tarefa
S19,3762,17,fala_moderador
S19,3779,54,pensando_alto
S19,3833,15,pensando_alto
S19,3848,39,tentativa_tarefa
S19,3887,20,tentativa_tarefa
S19,3907,61,pensando_alto
S19,3968,24,pensando_alto
S19,3992,28,tentativa_tarefa
S20,0,35,pensando_alto
S20,35,19,silencio
S20,54,30,tentativa_tarefa
S20,84,85,fala_moderador
S20,169,30,tentativa_tarefa
S20,199,94,silencio
S20,293,18,silencio
S20,311,45,fora_do_tema
S20,356,36,fora_do_tema
S20,392,38,silencio
S20,430,45,tentativa_tarefa
S20,475,17,fora_do_tema
S20,492,54,pensando_alto
S20,546,13,silencio
S20,559,20,fala_moderador
S20,579,10,tentativa_tarefa
S20,589,37,fala_moderador
S20,626,17,tentativa_tarefa
S20,643,18,silencio
S20,661,53,fala_moderador
S20,714,31,tentativa_tarefa
S20,745,14,pensando_alto
S20,759,83,pensando_alto
S20,842,19,silencio
S20,861,32,fala_moderador
S20,893,16,tentativa_tarefa
S20,909,33,tentativa_tarefa
S20,942,98,silencio
S20,1040,23,fora_do_tema
S20,1063,22,fala_moderador
S20,1085,43,pensando_alto
S20,1128,12,tentativa_tarefa
S20,1140,22,fora_do_tema
S20,1162,50,fala_moderador
S20,1212,36,pensando_alto
S20,1248,17,silencio
S20,1265,12,fala_moderador
S20,1277,22,tentativa_tarefa
S20,1299,34,tentativa_tarefa
S20,1333,41,fala_moderador
S20,1374,41,silencio
S20,1415,41,pensando_alto
S20,1456,23,tentativa_tarefa
S20,1479,78,silencio
S20,1557,20,tentativa_tarefa
S20,1577,22,tentativa_tarefa
S20,1599,31,silencio
S20,1630,43,fala_moderador
S20,1673,15,tentativa_tarefa
S20,1688,34,pensando_alto
S20,1722,20,tentativa_tarefa
S20,1742,39,tentativa_tarefa
S20,1781,21,tentativa_tarefa
S20,1802,79,fala_moderador
S20,1881,47,silencio
S20,1928,24,tentativa_tarefa
S20,1952,23,silencio
S20,1975,42,fala_moderador
S20,2017,56,silencio
S20,2073,23,tentativa_tarefa
S20,2096,26,fala_moderador
S20,2122,76,tentativa_tarefa
S20,2198,41,pensando_alto
S20,2239,48,fala_moderador
S20,2287,88,fala_moderador
S20,2375,19,tentativa_tarefa
S20,2394,15,pensando_alto
S20,2409,12,tentativa_tarefa
S20,2421,41,silencio
S20,2462,40,fala_moderador
S20,2502,88,pensando_alto
S20,2590,51,tentativa_tarefa
S20,2641,19,tentativa_tarefa
S20,2660,22,pensando_alto
S20,2682,94,fora_do_tema
S20,2776,23,pensando_alto
S20,2799,26,silencio
S20,2825,13,fala_moderador
S20,2838,38,silencio
S20,2876,21,fala_moderador
S20,2897,90,tentativa_tarefa
S20,2987,8,tentativa_tarefa
S20,2995,61,fala_moderador
S21,0,19,tentativa_tarefa
S21,19,75,tentativa_tarefa
S21,94,61,tentativa_tarefa
S21,155,19,tentativa_tarefa
S21,174,54,pensando_alto
S21,228,49,fala_moderador
S21,277,45,pensando_alto
S21,322,34,pensando_alto
S21,356,26,tentativa_tarefa
S21,382,20,silencio
S21,402,40,fora_do_tema
S21,442,31,pensando_alto
S21,473,37,fala_moderador
S21,510,16,tentativa_tarefa
S21,526,9,pensando_alto
S21,535,40,tentativa_tarefa
S21,575,116,pensando_alto
S21,691,32,pensando_alto
S21,723,14,tentativa_tarefa
S21,737,8,fora_do_tema
S21,745,39,pensando_alto
S21,784,22,tentativa_tarefa
S21,806,34,pensando_alto
S21,840,37,tentativa_tarefa
S21,877,30,pensando_alto
S21,907,23,tentativa_tarefa
S21,930,47,silencio
S21,977,79,tentativa_tarefa
S21,1056,114,tentativa_tarefa
S21,1170,25,tentativa_tarefa
S21,1195,29,fora_do_tema
S21,1224,51,fala_moderador
S21,1275,48,tentativa_tarefa
S21,1323,32,silencio
S21,1355,22,silencio
S21,1377,16,fala_moderador
S21,1393,77,pensando_alto
S21,1470,22,pensando_alto
S21,1492,26,pensando_alto
S21,1518,24,fala_moderador
S21,1542,22,fora_do_tema
S21,1564,21,tentativa_tarefa
S21,1585,15,pensando_alto
S21,1600,24,fala_moderador
S21,1624,16,pensando_alto
S21,1640,63,fala_moderador
S21,1703,170,silencio
S21,1873,23,fora_do_tema
S21,1896,32,pensando_alto
S21,1928,85,tentativa_tarefa
S21,2013,85,fala_moderador
S21,2098,21,fala_moderador
S21,2119,29,fala_moderador
S21,2148,49,pensando_alto
S21,2197,8,silencio
S21,2205,14,fala_moderador
S21,2219,75,pensando_alto
S21,2294,55,tentativa_tarefa
S21,2349,8,tentativa_tarefa
S21,2357,53,fora_do_tema
S21,2410,24,pensando_alto
S21,2434,39,fala_moderador
S21,2473,52,pensando_alto
S21,2525,15,tentativa_tarefa
S21,2540,70,pensando_alto
S21,2610,21,tentativa_tarefa
S21,2631,44,tentativa_tarefa
S21,2675,11,tentativa_tarefa
S21,2686,13,pensando_alto
S21,2699,29,silencio
S21,2728,74,pensando_alto
S21,2802,17,tentativa_tarefa
S21,2819,19,fala_moderador
S21,2838,46,silencio
S21,2884,20,fala_moderador
S21,2904,31,silencio
S21,2935,54,silencio
S21,2989,25,pensando_alto
S21,3014,34,pensando_alto
S22,0,80,fora_do_tema
S22,80,26,fora_do_tema
S22,106,58,tentativa_tarefa
S22,164,31,tentativa_tarefa
S22,195,24,tentativa_tarefa
S22,219,11,fora_do_tema
S22,230,41,tentativa_tarefa
S22,271,18,fala_moderador
S22,289,66,tentativa_tarefa
S22,355,38,tentativa_tarefa
S22,393,16,fala_moderador
S22,409,96,fala_moderador
S22,505,17,tentativa_tarefa
S22,522,31,fala_moderador
S22,553,52,fala_moderador
S22,605,18,tentativa_tarefa
S22,623,16,tentativa_tarefa
S22,639,20,tentativa_tarefa
S22,659,27,silencio
S22,686,24,silencio
S22,710,33,pensando_alto
S22,743,28,silencio
S22,771,33,pensando_alto
S22,804,43,tentativa_tarefa
S22,847,17,fala_moderador
S22,864,38,tentativa_tarefa
S22,902,48,fora_do_tema
S22,950,12,fala_moderador
S22,962,23,fora_do_tema
S22,985,11,fala_moderador
S22,996,18,fora_do_tema
S22,1014,42,fala_moderador
S22,1056,23,fala_moderador
S22,1079,16,fora_do_tema
S22,1095,37,fala_moderador
S22,1132,18,silencio
S22,1150,40,tentativa_tarefa
S22,1190,46,fora_do_tema
S22,1236,30,tentativa_tarefa
S22,1266,8,tentativa_tarefa
S22,1274,31,fala_moderador
S22,1305,22,fala_moderador
S22,1327,40,tentativa_tarefa
S22,1367,30,pensando_alto
S22,1397,112,tentativa_tarefa
S22,1509,21,tentativa_tarefa
S22,1530,48,silencio
S22,1578,18,silencio
S22,1596,94,silencio
S22,1690,28,pensando_alto
S22,1718,66,silencio
S22,1784,32,tentativa_tarefa
S22,1816,34,silencio
S22,1850,36,tentativa_tarefa
S22,1886,52,tentativa_tarefa
S22,1938,118,fala_moderador
S22,2056,45,fala_moderador
S22,2101,41,fala_moderador
S22,2142,44,silencio
S22,2186,28,pensando_alto
S22,2214,51,pensando_alto
S22,2265,37,pensando_alto
S22,2302,28,tentativa_tarefa
S22,2330,111,tentativa_tarefa
S22,2441,79,pensando_alto
S22,2520,73,tentativa_tarefa
S22,2593,58,tentativa_tarefa
S22,2651,106,silencio
S22,2757,60,tentativa_tarefa
S22,2817,111,fala_moderador
S22,2928,54,tentativa_tarefa
S22,2982,58,silencio
S22,3040,12,tentativa_tarefa
S22,3052,57,fala_moderador
S22,3109,19,tentativa_tarefa
S22,3128,17,silencio
S22,3145,31,tentativa_tarefa
S22,3176,40,tentativa_tarefa
S22,3216,41,pensando_alto
S22,3257,95,silencio
S22,3352,37,fala_moderador
S22,3389,13,fora_do_tema
S23,0,55,pensando_alto
S23,55,29,pensando_alto
S23,84,53,silencio
S23,137,37,pensando_alto
S23,174,44,silencio
S23,218,9,pensando_alto
S23,227,35,fala_moderador
S23,262,31,silencio
S23,293,35,fora_do_tema
S23,328,16,pensando_alto
S23,344,49,tentativa_tarefa
S23,393,23,fala_moderador
S23,416,50,tentativa_tarefa
S23,466,50,tentativa_tarefa
S23,516,26,tentativa_tarefa
S23,542,21,tentativa_tarefa
S23,563,68,pensando_alto
S23,631,52,fala_moderador
S23,683,28,tentativa_tarefa
S23,711,41,fala_moderador
S23,752,37,pensando_alto
S23,789,24,fala_moderador
S23,813,24,tentativa_tarefa
S23,837,49,tentativa_tarefa
S23,886,43,silencio
S23,929,14,pensando_alto
S23,943,54,pensando_alto
S23,997,32,pensando_alto
S23,1029,117,tentativa_tarefa
S23,1146,19,fala_moderador
S23,1165,48,pensando_alto
S23,1213,41,silencio
S23,1254,48,fora_do_tema
S23,1302,54,tentativa_tarefa
S23,1356,51,tentativa_tarefa
S23,1407,30,tentativa_tarefa
S23,1437,18,fala_moderador
S23,1455,31,tentativa_tarefa
S23,1486,26,tentativa_tarefa
S23,1512,77,fora_do_tema
S23,1589,134,silencio
S23,1723,9,tentativa_tarefa
S23,1732,24,pensando_alto
S23,1756,45,fala_moderador
S23,1801,57,pensando_alto
S23,1858,21,fora_do_tema
S23,1879,34,silencio
S23,1913,66,silencio
S23,1979,40,silencio
S23,2019,66,fora_do_tema
S23,2085,20,silencio
S23,2105,32,tentativa_tarefa
S23,2137,47,pensando_alto
S23,2184,39,silencio
S23,2223,35,pensando_alto
S23,2258,84,tentativa_tarefa
S23,2342,13,tentativa_tarefa
S23,2355,47,tentativa_tarefa
S23,2402,102,tentativa_tarefa
S23,2504,10,pensando_alto
S23,2514,43,tentativa_tarefa
S23,2557,23,fala_moderador
S23,2580,43,fala_moderador
S23,2623,34,tentativa_tarefa
S23,2657,54,fala_moderador
S23,2711,23,pensando_alto
S23,2734,50,tentativa_tarefa
S23,2784,86,fora_do_tema
S23,2870,57,silencio
S23,2927,104,pensando_alto
S23,3031,35,tentativa_tarefa
S23,3066,38,pensando_alto
S23,3104,8,tentativa_tarefa
S23,3112,24,fala_moderador
S23,3136,12,fala_moderador
S23,3148,32,fora_do_tema
S24,0,17,tentativa_tarefa
S24,17,33,tentativa_tarefa
S24,50,28,silencio
S24,78,31,tentativa_tarefa
S24,109,130,tentativa_tarefa
S24,239,33,tentativa_tarefa
S24,272,8,tentativa_tarefa
S24,280,51,fala_moderador
S24,331,16,silencio
S24,347,43,silencio
S24,390,56,pensando_alto
S24,446,37,fora_do_tema
S24,483,20,silencio
S24,503,50,silencio
S24,553,41,tentativa_tarefa
S24,594,79,silencio
S24,673,38,silencio
S24,711,18,fora_do_tema
S24,729,149,tentativa_tarefa
S24,878,71,tentativa_tarefa
S24,949,42,tentativa_tarefa
S24,991,24,fala_moderador
S24,1015,16,silencio
S24,1031,19,fala_moderador
S24,1050,45,fora_do_tema
S24,1095,13,tentativa_tarefa
S24,1108,56,pensando_alto
S24,1164,25,pensando_alto
S24,1189,40,pensando_alto
S24,1229,26,pensando_alto
S24,1255,32,fala_moderador
S24,1287,28,fala_moderador
S24,1315,29,fala_moderador
S24,1344,41,pensando_alto
S24,1385,31,pensando_alto
S24,1416,36,pensando_alto
S24,1452,29,pensando_alto
S24,1481,28,pensando_alto
S24,1509,43,pensando_alto
S24,1552,35,fala_moderador
S24,1587,35,tentativa_tarefa
S24,1622,16,tentativa_tarefa
S24,1638,28,fala_moderador
S24,1666,30,tentativa_tarefa
S24,1696,53,fala_moderador
S24,1749,14,silencio
S24,1763,20,tentativa_tarefa
S24,1783,54,fala_moderador
S24,1837,94,tentativa_tarefa
S24,1931,62,fala_moderador
S24,1993,23,tentativa_tarefa
S24,2016,28,fala_moderador
S24,2044,45,pensando_alto
S24,2089,70,tentativa_tarefa
S24,2159,35,tentativa_tarefa
S24,2194,55,fala_moderador
S24,2249,25,tentativa_tarefa
S24,2274,17,tentativa_tarefa
S24,2291,60,tentativa_tarefa
S24,2351,42,fora_do_tema
S24,2393,18,tentativa_tarefa
S24,2411,51,fala_moderador
S24,2462,17,tentativa_tarefa
S24,2479,18,fora_do_tema
S24,2497,98,tentativa_tarefa
S24,2595,46,tentativa_tarefa
S24,2641,57,tentativa_tarefa
S24,2698,86,pensando_alto
S24,2784,22,tentativa_tarefa
S24,2806,26,fala_moderador
S24,2832,13,fora_do_tema
S24,2845,20,tentativa_tarefa
S24,2865,16,tentativa_tarefa
S24,2881,76,silencio
S24,2957,19,fala_moderador
S24,2976,43,tentativa_tarefa
S24,3019,87,pensando_alto
S24,3106,20,silencio
S24,3126,49,silencio
S24,3175,24,pensando_alto
S24,3199,22,pensando_alto
S24,3221,8,pensando_alto
S24,3229,64,silencio
S24,3293,113,tentativa_tarefa
S24,3406,15,silencio
S24,3421,50,silencio
S24,3471,20,fora_do_tema
S24,3491,14,tentativa_tarefa
S24,3505,69,fala_moderador
S24,3574,19,fala_moderador
S24,3593,47,silencio
S24,3640,28,tentativa_tarefa
S24,3668,24,pensando_alto
S24,3692,28,tentativa_tarefa
S24,3720,8,silencio
S24,3728,22,tentativa_tarefa
S24,3750,46,silencio
S24,3796,19,fala_moderador
